{"accuracy": 0.455, "precision": 0.7025770539119679, "recall": 0.455, "f1_score": 0.5461107086994406}